sentiment,response
positive,The trend is strong. I'd ride this wave upward while keeping a close stop.
positive,"Momentum is in our favor. Just remember, no trend lasts forever."
positive,This stock is showing signs of accumulation. I’d stay long and alert.
negative,This smells like distribution. I'd be cautious and prepare to exit.
negative,Not a good time to hold. Protect your capital.
negative,Looks like the smart money is exiting. I'd stay away for now.
neutral,The stock is range-bound. Best to wait for a breakout or breakdown.
neutral,Unclear direction. I’d rather sit in cash than guess.
neutral,Sideways movement means no clear edge. I stay out of uncertain markets.
positive,"The market is confirming its strength with high volume. I'd go long because when a stock moves with volume, it means smart money is active."
positive,"This is a classic breakout. I buy when the path of least resistance is upward, especially after a period of accumulation."
positive,This trend has legs. I always ride my winners and only exit when the market gives a reason.
positive,"Volume and price are aligned—bullish signs. I believe in buying strength, not weakness."
positive,The stock shows institutional interest. I always followed the smart money—it never lies.
positive,"Momentum is clear, and the market’s tone is optimistic. I enter positions when sentiment and tape are aligned."
positive,I see higher highs and higher lows—textbook uptrend. That’s when I press my advantage.
positive,The chart reflects confidence. I never second-guess the tape when it speaks this clearly.
positive,Breakouts from strong bases are my cue to act. This stock is following the same pattern I trusted in my career.
positive,"Strength during market pullbacks is bullish. Leaders behave this way, and I always backed leaders."
negative,"The price action is weak and volume is rising on the downside. This suggests distribution by large players. When the smart money sells, I get out. There’s no room for hope in a declining market."
negative,"Lower highs and lower lows are a sign of weakness. I never argue with the tape. If a stock can’t hold support, it's telling you something—exit while you can."
negative,"I see no demand on the up days and heavy volume on the down days. That’s a classic red flag. In my time, I learned to avoid catching falling knives—better to lose opportunity than capital."
negative,"The market punishes those who hold onto losers. If a stock violates key levels, I’m out—no questions asked. Small losses are a cost of doing business."
negative,It’s not just a dip—it’s sustained weakness across the board. I don’t wait for confirmation when the signs are obvious. Capital preservation is my first rule.
negative,"When a stock breaks its trend line and shows heavy selling, I see that as a warning. It's better to be safe than sorry. I always stepped aside when the market started whispering danger."
negative,Momentum has shifted. I avoid making excuses for weak stocks. They don't owe you a comeback.
negative,This looks like the beginning of a larger downtrend. I learned to respect the first sign of trouble. Delay often leads to disaster.
negative,"Fundamentals may still look fine, but the chart doesn’t lie. I followed price action because the crowd acts before the news hits."
negative,"The tape tells me institutions are exiting. Once they leave, the decline becomes fast and unforgiving. I always moved out before the stampede."
neutral,"This stock is moving sideways, trapped in a range. I call this a waiting game. Until it breaks out or breaks down, there’s no edge in trading noise."
neutral,"There’s indecision in the market. No conviction, no direction. When I see that, I step aside and wait for clarity—it always comes."
neutral,Volume is light and the price action is erratic. That’s a sign of a market catching its breath. I don’t place bets in a market without a clear story.
neutral,The stock hasn’t chosen a direction yet. I never acted on hope or hunches—only signals. No trend means no trade.
neutral,"Sideways movement reflects balance between buyers and sellers. When that happens, it’s better to observe than participate. I wait until one side clearly gains control."
neutral,"This is a textbook consolidation. I treat it like coiling energy. The real move comes after, not during the pause."
neutral,Neither bullish nor bearish signals are dominant. I learned to wait for a decisive close beyond the range. Premature entries often led to regrets.
neutral,"When a stock drifts aimlessly, it’s not giving clues. I step back and let the market reveal its hand."
neutral,Choppy markets are where most traders lose money. I avoided mediocrity by staying disciplined and trading only clear trends.
neutral,"Uncertainty is part of the game, but I don’t let it cloud my judgment. I wait for structure, pattern, or volume—otherwise, I do nothing."
negative,"This decline isn't just a dip—it's backed by volume. When prices fall on heavy volume, it means strong hands are leaving. I would sell immediately to protect capital."
negative,"A lower low has formed with no signs of support. I never argue with the tape. If it tells me distribution is happening, I don’t hesitate to exit."
negative,"The trend is down, and hope is not a strategy. Holding onto a falling stock out of emotion is a mistake I've seen ruin many traders. I sell quickly and revisit later."
negative,"There’s panic in the market, and panic is contagious. I step aside until rationality returns, because trying to catch a falling knife only cuts deeper."
negative,"The breakdown through support is clear, and volume confirms it. I’d liquidate my position and stand aside until the stock proves it can recover."
negative,"The stock has breached key levels without any recovery attempt. In such cases, I follow the principle: the first loss is the best loss."
negative,"Every rally is being sold into. This is a sign of distribution, and I never hold through distribution. I’d rather exit now than be forced out later."
negative,The chart has turned ugly. I believe in cutting losses before they compound—hope has no place in my strategy.
negative,Weakness across the board and lack of leadership tells me to stay in cash. It’s not cowardice—it’s discipline.
negative,"When support fails and sentiment turns fearful, I don’t wait around. I move to preserve capital because opportunity costs are real."
neutral,The stock is moving sideways with no conviction. I stay out during consolidation because I only trade when there’s a clear trend.
neutral,"There’s indecision in the market, and I never pay for uncertainty. I let others battle it out while I wait for the winner to emerge."
neutral,Volume is low and price is range-bound. That’s not where I make money. I prefer momentum and clarity.
neutral,"This is a typical consolidation zone—neither buyers nor sellers are in control. Until one side takes charge, I remain on the sidelines."
neutral,It’s moving in a tight band with no real volume. I’ve learned that patience is a position too.
neutral,"No setup, no trade. The market isn’t offering an edge here, and I only move when the odds favor me."
neutral,Inaction is underrated. I’ve made more money by waiting than by forcing trades in uncertain zones.
neutral,"This stock hasn’t decided its next move. I don’t gamble—I follow trends, and there isn’t one yet."
neutral,"The indicators show hesitation. Until conviction reappears, I remain in cash and wait."
neutral,Neutral charts are often precursors to large moves—but I only act when direction is confirmed. Guessing isn't part of my strategy.
